job_link,last_processed_time,got_summary,got_ner,is_being_worked,job_title,company,job_location,first_seen,search_city,search_country,search_position,job_level,job_type
https://www.linkedin.com/jobs/view/account-executive-dispensing-norcal-northern-nevada-becton-dickinson-at-bd-3802078767,2024-01-21 07:12:29.00256+00,t,t,f,Account Executive Dispensing,BD,"San Diego, CA",1/15/2024,Coronado,United States,Color Maker,Mid senior,Onsite
https://www.linkedin.com/jobs/view/registered-nurse-rn-care-manager-at-trinity-health-mi-3803386312,2024-01-21 07:39:58.88137+00,t,t,f,Registered Nurse Care Manager,Trinity Health MI,"Norton Shores, MI",1/14/2024,Grand Haven,United States,Director Nursing Service,Mid senior,Onsite
https://www.linkedin.com/jobs/view/restaurant-supervisor-the-forklift-at-wasatch-adaptive-sports-3771464419,2024-01-21 07:40:00.251126+00,t,t,f,Reastaurant Supervisor,Wasatch Adaptive Sports,"Sandy, UT",1/14/2024,Tooele,United States,Stand-In,Mid senior,Onsite
https://www.linkedin.com/jobs/view/independent-real-estate-agent-at-howard-hanna-rand-realty-3797661348,2024-01-21 07:40:00.308133+00,t,t,f, Real Estate Agent,Howard Hanna | Rand Realty,"Englewood Cliffs, NJ",1/16/2024,Pinehurst,United States,Real-Estate Clerk,Mid senior,Onsite
https://www.linkedin.com/jobs/view/group-unit-supervisor-systems-support-manager-tss-at-irs-office-of-chief-counsel-3803057508,2024-01-19 09:45:09.215838+00,f,f,f,Group Unit Supervisor ,"IRS, Office of Chief Counsel","Chamblee, GA",1/17/2024,Gadsden,United States,Supervisor Travel-Information Center,Mid senior,Onsite
https://www.linkedin.com/jobs/view/counselor-07532802-at-icl-3765316747,2024-01-19 09:45:09.215838+00,f,f,f,Counselor,ICL,"Brooklyn, NY",1/16/2024,Oyster Bay,United States,Residence Counselor,Mid senior,Onsite
https://www.linkedin.com/jobs/view/registered-nurse-rn-at-trinity-health-mi-3790954711,2024-01-21 08:08:19.663033+00,t,t,f,Registered Nurse ,Trinity Health MI,"Muskegon, MI",1/14/2024,Muskegon,United States,Nurse Practitioner,Mid senior,Onsite
https://www.linkedin.com/jobs/view/part-time-hr-generalist-at-creative-financial-staffing-cfs-3798316459,2024-01-21 08:08:19.912883+00,t,t,f,HR Generalist,Creative Financial Staffing (CFS),"New York, NY",1/16/2024,White Plains,United States,Human Resource Advisor,Mid senior,Onsite
https://uk.linkedin.com/jobs/view/store-manager-at-b-m-retail-3800482794,2024-01-21 08:08:20.658147+00,t,t,f,Store Manager,B&M Retail,"London, England, United Kingdom",1/15/2024,Slough,United Kingdom,Double,Mid senior,Onsite
https://ca.linkedin.com/jobs/view/engineering-project-coordinator-at-shared-health-soins-communs-3767503688,2024-01-21 08:08:20.998834+00,t,t,f,Engineering Project Coordinator,Shared Health-Soins Communs,"Winnipeg, Manitoba, Canada",1/14/2024,Manitoba,Canada,Program Coordinator,Mid senior,Onsite
https://www.linkedin.com/jobs/view/special-agent-law-legal-background-at-federal-bureau-of-investigation-fbi-3804204630,2024-01-21 08:08:21.308995+00,t,t,f,Special Agent Legal Background,Federal Bureau of Investigation (FBI),"Austin, Texas Metropolitan Area",1/16/2024,Austin,United States,Special Agent,Associate,Onsite
https://www.linkedin.com/jobs/view/manager-site-operations-at-icon-plc-3770540505,2024-01-21 08:08:22.631819+00,t,t,f,Manager Site Operations,ICON plc,"Knoxville, TN",1/14/2024,Louisville,United States,Vendor,Mid senior,Onsite
https://www.linkedin.com/jobs/view/assistant-vice-president-behavioral-health-sciences-full-time-at-rwjbarnabas-health-3770863136,2024-01-21 08:08:23.306631+00,t,t,f,Assistant Vice President ,RWJBarnabas Health,"Somerville, NJ",1/16/2024,Hillsborough,United States,Psychiatric Technician,Mid senior,Onsite
https://www.linkedin.com/jobs/view/control-systems-integration-engineer-at-olsson-3793857817,2024-01-21 08:08:24.021822+00,t,t,f,Control Systems Integration Engineer,Olsson,"Lincoln, NE",1/14/2024,Nebraska,United States,Solutions Operator,Associate,Onsite
https://www.linkedin.com/jobs/view/lead-sales-associate-pt-at-dollar-general-3580065885,2024-01-21 08:08:25.628853+00,t,t,f,Lead Sales Associate,Dollar General,"Tipton, IN",1/14/2024,Carmel,United States,Circulation-Sales Representative,Mid senior,Onsite
https://www.linkedin.com/jobs/view/entry-level-financial-advisor-at-northwestern-mutual-3804234391,2024-01-21 02:01:08.480557+00,t,t,f,Financial Advisor,Northwestern Mutual,"Fairfield County, CT",1/14/2024,Derby,United States,Change Person,Mid senior,Onsite
https://www.linkedin.com/jobs/view/senior-associate-tax-product-analyst-at-kpmg-us-3764869128,2024-01-21 02:01:10.496553+00,t,t,f,Associate  Tax Product Analyst,KPMG US,"Chicago, IL",1/14/2024,Calumet City,United States,Stand-In,Associate,Onsite
https://www.linkedin.com/jobs/view/human-resources-generalist-at-sig-group-3774789412,2024-01-21 02:01:11.055571+00,t,t,f,Human Resources Generalist,SIG Group,"Merced, CA",1/14/2024,Merced,United States,Manager Benefits,Mid senior,Onsite
https://au.linkedin.com/jobs/view/supervisor-horticulturist-at-green-options-landscape-management-3806558709,2024-01-21 02:01:14.072528+00,t,t,f,Supervisor Horticulturist,Green Options Landscape Management,"Sydney, New South Wales, Australia",1/15/2024,New South Wales,Australia,Booking Supervisor,Mid senior,Onsite
https://www.linkedin.com/jobs/view/analyst-associate-plan-configuration-quality-control-at-rite-aid-3789079583,2024-01-21 02:01:15.820041+00,t,t,f,Analyst Associate Plan Configuration & Quality Control,RITE AID,"Yocumtown, PA",1/13/2024,Lebanon,United States,Quality Assurance Analyst,Mid senior,Onsite
https://www.linkedin.com/jobs/view/custodial-supervisor-palm-beach-area-at-charter-schools-usa-3654168951,2024-01-21 02:01:20.607029+00,t,t,f,Custodial Supervisor ,Charter Schools USA,"West Palm Beach, FL",1/14/2024,Palm Springs,United States,Charter,Mid senior,Onsite
https://www.linkedin.com/jobs/view/outside-sales-b2b-forest-hill-md-at-welcome-wagon-3787735858,2024-01-19 09:45:09.215838+00,f,f,f,Outside Sales B2B,Welcome Wagon,"Forest Hill, MD",1/15/2024,Maryland,United States,Double,Mid senior,Onsite
https://www.linkedin.com/jobs/view/rn-executive-director-hospice-at-lhc-group-3801865312,2024-01-21 07:12:34.963881+00,t,t,f,RN Executive Director Hospice,LHC Group,"Wytheville, VA",1/14/2024,Bluefield,United States,Director Nursing Service,Mid senior,Onsite
https://www.linkedin.com/jobs/view/chef-de-cuisine-at-goodwin-recruiting-3805761853,2024-01-21 07:12:35.170823+00,t,t,f,Chef de Cuisine,Goodwin Recruiting,"Brookfield, WI",1/14/2024,Milwaukee,United States,Sous Chef,Mid senior,Onsite
https://www.linkedin.com/jobs/view/test-conductor-space-systems-at-northrop-grumman-3795910227,2024-01-21 06:01:19.472942+00,t,t,f,Test Conductor  Space Systems,Northrop Grumman,"Gilbert, AZ",1/15/2024,Chandler,United States,Conductor,Mid senior,Onsite
https://mx.linkedin.com/jobs/view/sewer-at-stryker-3682088743,2024-01-21 02:01:09.882561+00,t,t,f,Sewer,Stryker,"Tijuana, Baja California, Mexico",1/15/2024,Coronado,United States,Costumer,Associate,Onsite
https://www.linkedin.com/jobs/view/builder-territory-manager-seattle-wa-at-shaw-industries-3787104995,2024-01-21 06:01:12.676071+00,t,t,f,Builder Territory Manager,Shaw Industries,"Seattle, WA",1/16/2024,Bellevue,United States,Exhibit Builder,Mid senior,Onsite
https://www.linkedin.com/jobs/view/travel-allied-health-professional-ct-technologist-at-atlas-medstaff-3805737619,2024-01-21 06:01:13.520931+00,t,t,f,Travel Allied Health Professional CT Technologist,Atlas MedStaff,"Tacoma, WA",1/14/2024,Tacoma,United States,Nuclear Medicine Technologist,Mid senior,Onsite
https://uk.linkedin.com/jobs/view/property-manager-at-knight-dragon-ltd-3805009895,2024-01-21 06:01:13.56896+00,t,t,f,Property Manager,Knight Dragon Ltd,"Royal Borough of Greenwich, England, United Kingdom",1/14/2024,Basildon,United Kingdom,River,Mid senior,Onsite
https://uk.linkedin.com/jobs/view/senior-hand-therapist-at-hays-3796707365,2024-01-21 06:01:13.728151+00,t,t,f,Hand Therapist,Hays,"Milton Keynes, England, United Kingdom",1/14/2024,Northampton,United Kingdom,Occupational Therapist,Mid senior,Onsite
https://ca.linkedin.com/jobs/view/bombardier-agent-de-s%C3%A9curit%C3%A9-at-securitas-canada-3719124321,2024-01-21 06:01:13.73724+00,t,t,f,Agent De Securite,Securitas Canada,"Montreal, Quebec, Canada",1/14/2024,CÃ´te-Saint-Luc,Canada,Safety Manager,Mid senior,Onsite
https://www.linkedin.com/jobs/view/kitchen-prep-at-bob-evans-restaurants-llc-3803187020,2024-01-21 06:01:14.503312+00,t,t,f,Kitchen Prep,"Bob Evans Restaurants, LLC","Westminster, MD",1/14/2024,Emmitsburg,United States,Chef,Associate,Onsite
https://www.linkedin.com/jobs/view/rn-part-time-pediatric-icu-at-atrium-health-wake-forest-baptist-3615282471,2024-01-21 06:01:14.682336+00,t,t,f,Registered Nurse,Atrium Health Wake Forest Baptist,"Winston-Salem, NC",1/14/2024,High Point,United States,Nurse School,Mid senior,Onsite
https://www.linkedin.com/jobs/view/cheese-specialist-at-safeway-3742784971,2024-01-21 06:01:14.692423+00,t,t,f,Cheese Specialist,Safeway,"Mount Airy, MD",1/14/2024,Frederick,United States,Special Effects Specialist,Mid senior,Onsite
https://www.linkedin.com/jobs/view/rn-at-bon-secours-mercy-health-3781018201,2024-01-21 06:01:14.789346+00,t,t,f,Registered Nurse,Bon Secours Mercy Health,"Oregon, OH",1/16/2024,Toledo,United States,Research Associate,Mid senior,Onsite
https://www.linkedin.com/jobs/view/paes-schools-counselor-sy-23-24-at-aztec-municipal-school-district-3621760148,2024-01-21 06:01:14.854291+00,t,t,f,School Counselor,Aztec Municipal School District,"Aztec, NM",1/14/2024,New Mexico,United States,Counselor,Mid senior,Onsite
https://www.linkedin.com/jobs/view/sales-lead-slpt-lane-bryant-at-lane-bryant-3785216562,2024-01-21 06:01:15.033211+00,t,t,f,Sales Lead ,Lane Bryant,"College Station, TX",1/14/2024,College Park,United States,Change Person,Mid senior,Onsite
https://www.linkedin.com/jobs/view/retail-district-manager-unassigned-at-dollar-general-3745485556,2024-01-21 07:12:35.189652+00,t,t,f,Retail District Manager,Dollar General,"Newport, NH",1/14/2024,New Hampshire,United States,Pressure Supervisor,Mid senior,Onsite
https://www.linkedin.com/jobs/view/asset-wealth-management-%E2%80%93-regulated-investment-company-%E2%80%93-tax-senior-associate-at-pwc-3693032519,2024-01-21 07:12:35.384792+00,t,t,f,Tax Associate Asset Wealth Management,PwC,"Sacramento, CA",1/14/2024,Davis,United States,Manager Records Analysis,Mid senior,Onsite
https://www.linkedin.com/jobs/view/travel-rn-med-surg-at-rnnetwork-3802701170,2024-01-21 07:12:35.740031+00,t,t,f,Travel Nurse RN Home Health,RNnetwork,"Billings, MT",1/14/2024,Billings,United States,Manager Benefits,Mid senior,Onsite
https://www.linkedin.com/jobs/view/sr-experience-design-manager-learn-and-help-at-adobe-3734501806,2024-01-21 07:12:36.069828+00,t,t,f,Experience Design Manager,Adobe,"New York, NY",1/15/2024,Bayonne,United States,Cost-And-Sales-Record Supervisor,Mid senior,Onsite
https://ca.linkedin.com/jobs/view/coordonnateur-diversit%C3%A9-%C3%A9quit%C3%A9-et-inclusion-at-ey-3804703972,2024-01-21 07:12:36.508556+00,t,t,f,Diversity Coordinator,EY,"Dieppe, New Brunswick, Canada",1/15/2024,New Brunswick,Canada,Container Coordinator,Mid senior,Onsite
https://www.linkedin.com/jobs/view/assistant-salon-manager-cornelius-gateway-at-jobs-for-humanity-3805265687,2024-01-21 07:12:36.739562+00,t,t,f,Assistant Salon Manager ,Jobs for Humanity,"Cornelius, OR",1/14/2024,Newberg,United States,Barber,Mid senior,Onsite
https://www.linkedin.com/jobs/view/travel-rn-long-term-care-at-coremedical-group-3803578084,2024-01-21 07:12:37.537623+00,t,t,f,Travel Nurse RN Home Health,CoreMedical Group,"Barnstable, MA",1/14/2024,Barnstable,United States,Nurse Head,Mid senior,Onsite
https://www.linkedin.com/jobs/view/manufacturing-engineer-ii-machine-shop-r38097-at-blue-origin-3784904292,2024-01-21 07:12:37.754491+00,t,t,f,Manufacturing Engineer,BLUE ORIGIN,"Merritt Island, FL",1/14/2024,Cocoa Beach,United States,Central-Office Equipment Engineer,Mid senior,Onsite
https://www.linkedin.com/jobs/view/income-tax-preparer-2%2Byrs-paid-tax-experience-required-at-jobs-for-humanity-3786027245,2024-01-21 07:12:34.019868+00,t,t,f,Income Tax Preparer,Jobs for Humanity,"Omaha, NE",1/14/2024,Nebraska,United States,Tax Clerk,Mid senior,Onsite
https://www.linkedin.com/jobs/view/senior-technical-program-manager-technology-governance-at-coinbase-3781129958,2024-01-19 09:45:09.215838+00,f,f,f, Technical Program Manager,Coinbase,"Washington, DC",1/17/2024,Saint Charles,United States,Supervisor Mapping,Mid senior,Onsite
https://www.linkedin.com/jobs/view/triage-rn-michigan-heart-aa-office-at-trinity-health-3705247651,2024-01-19 14:39:50.208885+00,t,t,f,Triage Registered Nurse,Trinity Health,"Ypsilanti, MI",1/15/2024,Monroe,United States,Cardiologist,Mid senior,Onsite
https://www.linkedin.com/jobs/view/finance-manager-at-aston-carter-3800151766,2024-01-19 14:39:50.288894+00,t,t,f,Finance Manager,Aston Carter,"Southlake, TX",1/17/2024,Corinth,United States,Supervisor Line Department,Mid senior,Onsite
https://www.linkedin.com/jobs/view/ultrasound-technologist-registered-at-opelousas-general-health-system-3750027666,2024-01-19 14:39:50.450851+00,t,t,f,Ultrasound Technologist,Opelousas General Health System,"Opelousas, LA",1/14/2024,Lafayette,United States,Manager Employment,Mid senior,Onsite
https://www.linkedin.com/jobs/view/licensed-clinical-psychologist-outpatient-woodburn-or-at-lifestance-health-3802015036,2024-01-19 14:39:51.418106+00,t,t,f,Licensed Clinical Psychologist,LifeStance Health,"Woodburn, OR",1/15/2024,Beaverton,United States,Clinical Psychologist,Mid senior,Onsite
https://www.linkedin.com/jobs/view/department-manager-up-to-%2437-000-yr-at-mcdonald-s-3787723047,2024-01-19 14:39:52.158156+00,t,t,f,Department Manager,McDonald's,"Anderson, SC",1/14/2024,Anderson,United States,Manager Department,Mid senior,Onsite
https://www.linkedin.com/jobs/view/sr-hardware-simulation-platform-engineer-chassis-controls-powertrain-at-tesla-3737832096,2024-01-19 09:45:09.215838+00,f,f,f,Senior Hardware Simulation Engineer,Tesla,"Palo Alto, CA",1/16/2024,Alameda,United States,Processor,Mid senior,Onsite
https://www.linkedin.com/jobs/view/litigation-attorney-at-jobot-3806136981,2024-01-19 09:45:09.215838+00,f,f,f,Litigation Attorney,Jobot,"Mount Dora, FL",1/17/2024,Grand Island,United States,Tax Attorney,Mid senior,Onsite
https://www.linkedin.com/jobs/view/development-services-technician-at-county-of-san-joaquin-3769465536,2024-01-19 14:39:08.158402+00,t,t,f,Development Services Technician,County of San Joaquin,"Stockton, CA",1/14/2024,Lawton,United States,Reproduction Technician,Associate,Onsite
https://www.linkedin.com/jobs/view/employment-attorney-with-relevant-experience-at-bcg-attorney-search-3645762689,2024-01-19 14:39:08.232594+00,t,t,f,Employment Attorney ,BCG Attorney Search,"Flagstaff, AZ",1/16/2024,Arizona,United States,Lawyer Criminal,Mid senior,Onsite
https://www.linkedin.com/jobs/view/designer-i-at-us-tech-solutions-3806342219,2024-01-19 14:39:05.553528+00,t,t,f,Designer,US Tech Solutions,"Miami, FL",1/17/2024,Coral Gables,United States,Tattoo Artist,Mid senior,Onsite
https://www.linkedin.com/jobs/view/superintendent-process-engineer-at-nutrien-3806856954,2024-01-19 14:39:06.873327+00,t,t,f, Process Engineer,Nutrien,"Augusta, GA",1/16/2024,Martinez,United States,Foundry Metallurgist,Mid senior,Onsite
https://www.linkedin.com/jobs/view/regional-sales-manager-mid-atlantic-at-alfasigma-usa-inc-3806588517,2024-01-19 14:39:07.377973+00,t,t,f,Regional Sales Manager,"Alfasigma USA, Inc.","Charlotte, NC",1/15/2024,Ridgewood,United States,Director Of Religious Activities,Mid senior,Onsite
https://www.linkedin.com/jobs/view/beauty-advisor-inside-sales-sally-beauty-03500-at-sally-beauty-3702780359,2024-01-19 14:39:09.618801+00,t,t,f,Beauty Advisor,Sally Beauty,"Marysville, OH",1/15/2024,Marysville,United States,Counter Supervisor,Mid senior,Onsite
https://ca.linkedin.com/jobs/view/cibc-analyste-principal-int%C3%A9gration-des-clients-et-soutien-aux-ventes-grandes-entreprises-groupe-entreprises-montr%C3%A9al-bilingue-at-cibc-3745397691,2024-01-19 14:39:10.337464+00,t,t,f,Senior Analyst,CIBC,"Montreal, Quebec, Canada",1/16/2024,Dorval,Canada,Occupational Analyst,Mid senior,Onsite
https://www.linkedin.com/jobs/view/site-supervisor-at-providence-medical-group-dayton-oh-3739810604,2024-01-19 14:39:28.448734+00,t,t,f,Site Supervisor,"Providence Medical Group, Dayton, OH","Germantown, OH",1/14/2024,Xenia,United States,Supervisor Inspection,Mid senior,Onsite
https://www.linkedin.com/jobs/view/office-manager-primary-care-at-hartford-healthcare-3779848970,2024-01-21 06:01:12.764554+00,t,t,f,Office Manager,Hartford HealthCare,"Norwich, CT",1/14/2024,Windham,United States,Administrative Assistant,Mid senior,Onsite
https://www.linkedin.com/jobs/view/ambassador-at-jeni-s-splendid-ice-creams-3799704705,2024-01-21 06:01:12.95186+00,t,t,f,Ambassador,Jeni's Splendid Ice Creams,"Bethesda, MD",1/16/2024,Washington,United States,Goodwill Ambassador,Mid senior,Onsite
https://www.linkedin.com/jobs/view/surgical-sales-representative-at-vantage-surgical-solutions-3800722967,2024-01-21 06:01:13.368912+00,t,t,f,Surgical Sales Representative,VANTAGE Surgical Solutions,"Albany, GA",1/16/2024,Georgia,United States,Handle Maker,Associate,Onsite
https://uk.linkedin.com/jobs/view/ct-technologist-at-host-healthcare-inc-3806801539,2024-01-21 06:01:14.166308+00,t,t,f,CT Technologist,"Host Healthcare, Inc.","Elsworth, England, United Kingdom",1/16/2024,Peterborough,United Kingdom,Radiation-Therapy Technologist,Mid senior,Onsite
https://www.linkedin.com/jobs/view/electrical-engineer-23-01066-at-espo-corporation-3270339955,2024-01-21 06:01:15.652901+00,t,t,f,Electrical Engineer,ESPO Corporation,"Rockford, IL",1/14/2024,Belvidere,United States,Civil Engineer,Associate,Onsite
https://www.linkedin.com/jobs/view/quality-engineer-aerospace-at-daher-3802116488,2024-01-21 06:01:15.915893+00,t,t,f,Quality Engineer,DAHER,"Stuart, FL",1/14/2024,Florida,United States,Industrial Engineer,Associate,Onsite
https://www.linkedin.com/jobs/view/juice-barista-part-time-at-wis-international-3732414071,2024-01-19 14:39:31.638303+00,t,t,f,Juice Barista,WIS International,"Southgate, MI",1/14/2024,Monroe,United States,Bartender,Mid senior,Onsite
https://ca.linkedin.com/jobs/view/assignment-coordinator-casual-at-paramed-home-health-care-3802432316,2024-01-19 09:45:09.215838+00,f,f,f,Assignment Coordinator,ParaMed Home Health Care,"North York, Ontario, Canada",1/16/2024,North York,Canada,Prize Coordinator,Mid senior,Onsite
https://www.linkedin.com/jobs/view/travel-allied-health-professional-ct-technologist-at-aureus-medical-group-3802593504,2024-01-19 14:39:09.772798+00,t,t,f, CT Technologist,Aureus Medical Group,"Hackensack, NJ",1/14/2024,White Plains,United States,Nuclear Medicine Technologist,Mid senior,Onsite
https://uk.linkedin.com/jobs/view/staff-nurse-at-recruitment-panda-ltd-3687952455,2024-01-19 14:39:33.078029+00,t,t,f,Staff Nurse,Recruitment Panda Ltd,"Tavistock, England, United Kingdom",1/14/2024,Plymouth,United Kingdom,Christian Science Nurse,Mid senior,Onsite
https://www.linkedin.com/jobs/view/pediatric-critical-care-nurse-practitioner-needed-for-locum-tenens-coverage-at-facility-in-iowa-city-iowa-at-locumtenens-com-3752895025,2024-01-19 14:39:33.128171+00,t,t,f,Pediatric Critical Care Nurse Practitioner,LocumTenens.com,"Iowa City, IA",1/16/2024,Amana Colonies,United States,Medical Physicist,Mid senior,Onsite
https://www.linkedin.com/jobs/view/cable-installer-at-jobs-for-humanity-3805387781,2024-01-19 14:39:33.318034+00,t,t,f,Cable Installer,Jobs for Humanity,"Santa Claus, IN",1/15/2024,Indiana,United States,Cable Television Installer,Mid senior,Onsite
https://www.linkedin.com/jobs/view/permanent-physician-family-practice-at-comphealth-3778107763,2024-01-19 14:39:33.371145+00,t,t,f, Family Practice Physician,CompHealth,"Modesto, CA",1/14/2024,Modesto,United States,Family Practitioner,Mid senior,Onsite
https://www.linkedin.com/jobs/view/lead-based-loan-originator-at-certified-mobile-notary-service-3793217319,2024-01-19 14:39:33.567988+00,t,t,f, Loan Originator,Certified Mobile Notary Service,"Seattle, WA",1/16/2024,Summit,United States,Handle Maker,Mid senior,Onsite
https://www.linkedin.com/jobs/view/customer-service-representative-at-david-s-bridal-3785648235,2024-01-19 14:39:34.270117+00,t,t,f,Customer Service Representative,David's Bridal,"Maple Shade, NJ",1/14/2024,Winslow,United States,Service Representative,Mid senior,Onsite
https://www.linkedin.com/jobs/view/registered-nurse-ii-acute-care-at-bassett-healthcare-at-health-ecareers-3787583796,2024-01-19 14:39:34.685084+00,t,t,f,Registered Nurse,Health eCareers,"Cooperstown, NY",1/14/2024,Herkimer,United States,Nurse Practitioner,Mid senior,Onsite
https://www.linkedin.com/jobs/view/endodontist-at-sonrava-health-3668709907,2024-01-19 14:39:34.81272+00,t,t,f,Endodontist,Sonrava Health,"Gainesville, FL",1/16/2024,Gainesville,United States,Endodontist,Mid senior,Onsite
https://www.linkedin.com/jobs/view/senior-personal-banker-at-minnesota-bank-trust-a-division-of-htlf-bank-3792787260,2024-01-19 14:39:35.029729+00,t,t,f,Senior Personal Banker,"Minnesota Bank & Trust, a division of HTLF Bank","Edina, MN",1/14/2024,Minneapolis,United States,Teller,Mid senior,Onsite
https://www.linkedin.com/jobs/view/beauty-advisor-inside-sales-sally-beauty-03815-at-sally-beauty-3702776876,2024-01-19 14:39:35.295785+00,t,t,f,Beauty Advisor,Sally Beauty,"Atwater, CA",1/15/2024,Merced,United States,Counter Supervisor,Mid senior,Onsite
https://www.linkedin.com/jobs/view/clinical-case-manager-bbs-registered-ccm-at-caminar-inc-3788594657,2024-01-19 14:39:35.392444+00,t,t,f,Clinical Case Manager,"Caminar, Inc.","Vallejo, CA",1/14/2024,Novato,United States,Retirement Officer,Mid senior,Onsite
https://www.linkedin.com/jobs/view/lead-sales-associate-pt-at-dollar-general-3683979372,2024-01-19 14:39:35.883985+00,t,t,f,Sales Associate,Dollar General,"Savannah, GA",1/14/2024,Savannah,United States,Sales Attendant,Mid senior,Onsite
https://www.linkedin.com/jobs/view/survey-crew-chief-michigan-at-ohm-advisors-3805727731,2024-01-19 14:39:39.628919+00,t,t,f,Survey Crew Chief,OHM Advisors,"Ann Arbor, MI",1/14/2024,Waterloo,United States,Supervisor Line,Mid senior,Onsite
https://www.linkedin.com/jobs/view/volunteer-emergency-department-volunteer-ambassador-at-volunteermatch-3803961868,2024-01-19 09:45:09.215838+00,f,f,f,Volunteer Ambassador,VolunteerMatch,"Huntington, NY",1/16/2024,Bridgeport,United States,Goodwill Ambassador,Associate,Onsite
https://www.linkedin.com/jobs/view/surgical-technologist-at-saint-michael-s-medical-center-3740434053,2024-01-19 14:39:32.95564+00,t,t,f,Surgical Technologist,Saint Michael's Medical Center,"Newark, NJ",1/14/2024,Bound Brook,United States,Surgical Technician,Mid senior,Onsite
https://www.linkedin.com/jobs/view/merrill-financial-solutions-advisor-oregon-sw-washington-market-at-bank-of-america-3744300206,2024-01-19 14:39:33.573261+00,t,t,f,Financial Advisor,Bank of America,"Vancouver, WA",1/16/2024,Beaverton,United States,Financial Planner,Mid senior,Onsite
https://www.linkedin.com/jobs/view/rad-tech-at-virginia-mason-franciscan-health-3628340333,2024-01-19 14:39:33.898387+00,t,t,f,Radiologic Technologist,Virginia Mason Franciscan Health,"Seattle, WA",1/13/2024,Summit,United States,Radiologist,Mid senior,Onsite
https://www.linkedin.com/jobs/view/sous-chef-redwood-city-at-doordash-3805707129,2024-01-19 14:39:34.178023+00,t,t,f,Sous Chef,DoorDash,"Redwood City, CA",1/14/2024,Union City,United States,Sous Chef,Mid senior,Onsite
https://www.linkedin.com/jobs/view/senior-software-engineer-backend-at-walmart-3760950841,2024-01-19 09:45:09.215838+00,f,f,f,Senior Software Engineer,Walmart,"Reston, VA",1/15/2024,Bethesda-Chevy Chase,United States,Chief Computer Programmer,Mid senior,Onsite
https://www.linkedin.com/jobs/view/online-esl-teacher-at-jobs-for-humanity-3806305198,2024-01-19 09:45:09.215838+00,f,f,f, ESL Teacher,Jobs for Humanity,"Minnetonka, MN",1/17/2024,South Saint Paul,United States,Teacher Music,Mid senior,Onsite
https://www.linkedin.com/jobs/view/keyholder-at-torrid-3712384620,2024-01-19 09:45:09.215838+00,f,f,f,Keyholder,Torrid,"Brandon, FL",1/16/2024,Tampa,United States,Reader,Mid senior,Onsite
https://uk.linkedin.com/jobs/view/finance-manager-film-at-handle-recruitment-3806167441,2024-01-19 09:45:09.215838+00,f,f,f,Finance Manager,Handle Recruitment,"City of London, England, United Kingdom",1/16/2024,Greater London,United Kingdom,Script Reader,Mid senior,Onsite
https://uk.linkedin.com/jobs/view/health-and-fitness-instructor-at-hilton-3805938900,2024-01-19 09:45:09.215838+00,f,f,f, Fitness Instructor,Hilton,"Tewkesbury, England, United Kingdom",1/16/2024,Cheltenham,United Kingdom,Instructor Sports,Mid senior,Onsite
https://www.linkedin.com/jobs/view/financial-advisor-at-first-command-financial-services-inc-3416333234,2024-01-19 09:45:09.215838+00,f,f,f,Financial Advisor,"First Command Financial Services, Inc.","Pittsburgh, PA",1/16/2024,New Kensington,United States,Financial Planner,Mid senior,Onsite
https://www.linkedin.com/jobs/view/ophthalmologist-needed-in-arkansas-at-the-eye-group-3791064818,2024-01-19 09:45:09.215838+00,f,f,f,Ophthalmologist,The Eye Group,"Fort Smith, AR",1/16/2024,Arkansas,United States,Ophthalmologist,Mid senior,Onsite
https://www.linkedin.com/jobs/view/behavioral-health-counselor-travel-position-at-sandstone-care-3803493931,2024-01-21 07:40:11.491706+00,t,t,f,Behavioral Health Counselor,Sandstone Care,"Chantilly, VA",1/13/2024,Manassas,United States,Clinical Therapist,Mid senior,Onsite
https://www.linkedin.com/jobs/view/customer-service-representative-associate-r206-at-byram-healthcare-3797878201,2024-01-21 07:40:11.665478+00,t,t,f,Customer Service Associate,Byram Healthcare,"Downers Grove, IL",1/14/2024,Bristol,United States,Service Representative,Mid senior,Onsite
https://www.linkedin.com/jobs/view/rn-transitional-care-at-providence-at-health-ecareers-3795559609,2024-01-21 07:40:12.453437+00,t,t,f,Registered Nurse,Health eCareers,"Anchorage, AK",1/16/2024,Alaska,United States,Nurse Private Duty,Mid senior,Onsite
https://au.linkedin.com/jobs/view/facilities-manager-group-421-at-woolworths-group-3737457183,2024-01-21 07:40:33.153713+00,t,t,f,Facilities Manager,Woolworths Group,"Sydney, New South Wales, Australia",1/14/2024,Sydney,Australia,Supervisor Cleaning,Mid senior,Onsite
https://www.linkedin.com/jobs/view/wastewater-project-manager-at-triax-engineering-llc-3792560132,2024-01-19 09:45:09.215838+00,f,f,f,Wastewater Project Manager,"Triax Engineering, LLC","Phoenix, AZ",1/16/2024,Canyon,United States,Manager Contracts,Mid senior,Onsite
https://www.linkedin.com/jobs/view/medical-support-assistant-at-u-s-department-of-veterans-affairs-3807053136,2024-01-19 09:45:09.215838+00,f,f,f,Medical Support Assistant,U.S. Department of Veterans Affairs,"Golden, CO",1/16/2024,Colorado,United States,Receipt-And-Report Clerk,Mid senior,Onsite
https://www.linkedin.com/jobs/view/retail-stocking-team-lead-at-burlington-stores-inc-3786391242,2024-01-21 07:43:49.202444+00,t,t,f,Retail Stocking Team Lead,"Burlington Stores, Inc.","Chandler, AZ",1/16/2024,Chandler,United States,Pattern-Shop Supervisor,Mid senior,Onsite
https://www.linkedin.com/jobs/view/optical-engineers-iv-at-sts-technical-services-3731972162,2024-01-21 07:43:50.134579+00,t,t,f,Optical Engineers,STS Technical Services,"San Francisco, CA",1/14/2024,Richmond,United States,Electrical Engineer,Mid senior,Onsite
https://uk.linkedin.com/jobs/view/property-manager-at-savills-3790801907,2024-01-21 07:43:50.543643+00,t,t,f,Property Manager,Savills,"London, England, United Kingdom",1/15/2024,Slough,United Kingdom,Director Utility Accounts,Mid senior,Onsite
https://www.linkedin.com/jobs/view/business-development-manager-at-guardian-access-solutions-3788422954,2024-01-21 07:43:51.558527+00,t,t,f,Business Development Manager,Guardian Access Solutions,"Orlando, FL",1/16/2024,Avondale,United States,Sales Representative Communication Equipment,Mid senior,Onsite
https://www.linkedin.com/jobs/view/senior-network-engineering-lead-remote-at-ryder-system-inc-3798392336,2024-01-21 07:43:52.794572+00,t,t,f,Senior Network Engineering Lead,"Ryder System, Inc.","Richmond, VA",1/16/2024,Montpelier,United States,Frame Hand,Mid senior,Onsite
https://www.linkedin.com/jobs/view/registered-nurse-rn-behavioral-health-roger-williams-medical-center-at-prospect-medical-holdings-inc-3802377049,2024-01-19 09:45:09.215838+00,f,f,f,Registered Nurse Behavioral Health,"Prospect Medical Holdings, Inc.","Providence, RI",1/16/2024,Attleboro,United States,Psychiatric Technician,Mid senior,Onsite
https://www.linkedin.com/jobs/view/transplant-pulmonologist-tenure-track-and-rank-doq-internal-medicine-dept-at-university-of-utah-3680273099,2024-01-19 09:45:09.215838+00,f,f,f,Transplant Pulmonologist,University of Utah,"Salt Lake City, UT",1/16/2024,Bountiful,United States,Internist,Mid senior,Onsite
https://www.linkedin.com/jobs/view/sales-agronomist-at-the-delong-co-inc-3804620778,2024-01-21 07:43:50.962428+00,t,t,f,Sales Agronomist,"The DeLong Co., Inc.","Sharon, WI",1/14/2024,Belvidere,United States,Field Representative,Mid senior,Onsite
https://www.linkedin.com/jobs/view/transmission-line-eit-designer-at-hdr-3631859761,2024-01-21 07:43:51.407068+00,t,t,f,Transmission Line Designer,HDR,Greater Houston,1/15/2024,Baytown,United States,Conductor,Mid senior,Onsite
https://www.linkedin.com/jobs/view/grooming-salon-manager-at-petco-3789537993,2024-01-21 07:43:50.084041+00,t,t,f,Grooming Salon Manager,Petco,"Sarasota, FL",1/16/2024,Sarasota,United States,Quality Assurance Monitor,Mid senior,Onsite
https://www.linkedin.com/jobs/view/nursing-educator-home-care-at-jobs-for-humanity-3805391383,2024-01-21 07:43:50.092567+00,t,t,f,Nursing Educator,Jobs for Humanity,"Akron, OH",1/17/2024,Cuyahoga Falls,United States,Teacher Music,Mid senior,Onsite
https://www.linkedin.com/jobs/view/manager-nursing-owensboro-surgery-center-at-sca-health-3800476284,2024-01-21 07:43:51.893736+00,t,t,f,Manager Nursing,SCA Health,"Owensboro, KY",1/14/2024,Kentucky,United States,Director Nursing Service,Mid senior,Onsite
https://www.linkedin.com/jobs/view/store-manager-sally-beauty-01813-at-sally-beauty-3702784104,2024-01-21 07:43:51.973278+00,t,t,f,Store Manager Sally Beauty ,Sally Beauty,"Addison, TX",1/17/2024,Garland,United States,Supervisor Sample,Mid senior,Onsite
https://ca.linkedin.com/jobs/view/operating-engineer-2nd-class-at-toyota-motor-manufacturing-canada-3786730337,2024-01-21 07:43:52.137491+00,t,t,f,Operating Engineer,Toyota Motor Manufacturing Canada,"Kitchener, Ontario, Canada",1/13/2024,Sarnia-Clearwater,Canada,Manufacturing Engineer,Associate,Onsite
https://ca.linkedin.com/jobs/view/senior-product-manager-at-robert-half-3776127903,2024-01-21 07:43:52.439593+00,t,t,f,Senior Product Manager,Robert Half,"Calgary, Alberta, Canada",1/14/2024,Calgary,Canada,Tier,Mid senior,Onsite
https://www.linkedin.com/jobs/view/commodity-manager-senior-commodity-manager-at-emerson-3784244582,2024-01-21 07:43:53.502508+00,t,t,f,Senior Commodity Manager,Emerson,"Rockford, IL",1/14/2024,Belvidere,United States,Buyer,Mid senior,Onsite
https://www.linkedin.com/jobs/view/teller-part-time-at-wells-fargo-3804445553,2024-01-21 07:43:53.972611+00,t,t,f,Teller Part Time,Wells Fargo,"Wheat Ridge, CO",1/14/2024,Boulder,United States,Teller,Associate,Onsite
https://www.linkedin.com/jobs/view/tb-ms-assistant-gm-at-pacific-bells-3681342304,2024-01-19 09:45:09.215838+00,f,f,f,Assistant General Manager,Pacific Bells,"Magee, MS",1/16/2024,Mississippi,United States,Reserves Clerk,Mid senior,Onsite
https://www.linkedin.com/jobs/view/operations-project-manager-at-beyond-gravity-3802852604,2024-01-19 09:45:09.215838+00,f,f,f,Operations Project Manager,Beyond Gravity,"Trinity, AL",1/17/2024,Alabama,United States,Supervisor Mapping,Mid senior,Onsite
https://www.linkedin.com/jobs/view/hourly-supervisor-training-at-walmart-3635877063,2024-01-21 07:43:51.187609+00,t,t,f,Hourly Supervisor & Training,Walmart,"Brea, CA",1/15/2024,Rancho Cucamonga,United States,Blending Supervisor,Mid senior,Onsite
https://www.linkedin.com/jobs/view/senior-bd-capture-manager-defense-at-nss-3617017806,2024-01-21 07:43:52.277753+00,t,t,f,Senior Business Development Manager,NSS,"McLean, VA",1/16/2024,Clarksburg,United States,Supervisor Identification And Communications,Mid senior,Onsite
https://www.linkedin.com/jobs/view/future-focus-specialist-at-good-shepherd-services-3795251175,2024-01-21 07:43:52.423743+00,t,t,f,Future Focus Specialist,Good Shepherd Services,"Bronx, NY",1/14/2024,Ossining,United States,Equal-Opportunity Representative,Mid senior,Onsite
https://www.linkedin.com/jobs/view/lead-software-engineer-back-end-at-clickjobs-io-3794949213,2024-01-21 07:43:52.624477+00,t,t,f,Lead Software Engineer,ClickJobs.io,"Poughkeepsie, NY",1/14/2024,New Windsor,United States,Job Development Specialist,Mid senior,Onsite
https://www.linkedin.com/jobs/view/founding-fullstack-engineer-ai-startup-at-recruiting-from-scratch-3744393255,2024-01-21 07:43:53.192528+00,t,t,f,Founding Fullstack Engineer,Recruiting from Scratch,"Clearwater, FL",1/14/2024,Clearwater,United States,Extra,Mid senior,Onsite
https://uk.linkedin.com/jobs/view/corporate-real-estate-manager-f-m-div-at-siemens-gamesa-3806187378,2024-01-21 07:43:54.61777+00,t,t,f,Corporate Real Estate Manager,Siemens Gamesa,"Hull, England, United Kingdom",1/17/2024,Kingston upon Hull,United Kingdom,Supervisor Properties,Mid senior,Onsite
https://www.linkedin.com/jobs/view/case-manager-at-new-day-personal-care-services-3787775559,2024-01-21 07:43:55.079234+00,t,t,f,Case Manager,NEW DAY PERSONAL CARE SERVICES,"Lafayette, LA",1/14/2024,Lafayette,United States,Manager Display,Mid senior,Onsite
https://au.linkedin.com/jobs/view/design-strategy-manager-at-rhl-recruitment-australia-3801842979,2024-01-21 07:43:58.827986+00,t,t,f,Design Strategy Manager,RHL Recruitment Australia,"Sydney, New South Wales, Australia",1/15/2024,Redcliffe,Australia,Double,Mid senior,Onsite
https://www.linkedin.com/jobs/view/leader-in-training-at-the-buckle-inc-3788830203,2024-01-21 07:44:14.119751+00,t,t,f,Leader In Training,"The Buckle, Inc.","Fayetteville, NC",1/14/2024,Fayetteville,United States,Training Representative,Mid senior,Onsite
https://www.linkedin.com/jobs/view/supervisor-coding-and-risk-adjustment-3167702-at-metro-associates-3803334270,2024-01-21 07:43:53.118818+00,t,t,f,SUPERVISOR CODING AND RISK ADJUSTMENT,Metro Associates,"Beaverton, OR",1/15/2024,Newberg,United States,Booking Supervisor,Mid senior,Onsite
https://www.linkedin.com/jobs/view/construction-project-coordinator-at-triax-engineering-llc-3792558600,2024-01-21 07:43:53.577742+00,t,t,f,Construction Project Coordinator,"Triax Engineering, LLC","Bellevue, WA",1/14/2024,Bellevue,United States,Program Coordinator,Mid senior,Onsite
https://www.linkedin.com/jobs/view/school-operations-staff-hiring-multiple-role-types-at-selected-3804292061,2024-01-21 07:43:54.542524+00,t,t,f,School Operations Staff,Selected,"Oxnard, CA",1/14/2024,Oxnard,United States,Teacher,Mid senior,Onsite
https://www.linkedin.com/jobs/view/stakeholder-relationship-manager-at-irs-office-of-chief-counsel-3801657385,2024-01-21 07:43:59.257907+00,t,t,f,Stakeholder Relationship Manager,"IRS, Office of Chief Counsel","Norfolk, VA",1/14/2024,Virginia,United States,Supervisor Preparation Department,Mid senior,Onsite
https://www.linkedin.com/jobs/view/hourly-supervisor-training-at-walmart-3780677022,2024-01-21 07:44:02.788615+00,t,t,f,Hourly Supervisor & Training,Walmart,"Helena, AL",1/14/2024,Woodstock,United States,Plumber Supervisor,Mid senior,Onsite
https://www.linkedin.com/jobs/view/family-advocate-enhanced-care-management-at-child-and-family-guidance-center-cfgc-3664107581,2024-01-21 07:44:05.197927+00,t,t,f,Family Advocate,Child and Family Guidance Center | CFGC,"Los Angeles, CA",1/14/2024,Culver City,United States,Program Coordinator,Mid senior,Onsite
https://www.linkedin.com/jobs/view/maintenance-supply-chain-leader-at-pepsico-3762293788,2024-01-19 09:45:09.215838+00,f,f,f,Maintenance Supply Chain Leader,PepsiCo,"Pulaski, TN",1/17/2024,Tennessee,United States,Traffic-Maintenance Supervisor,Mid senior,Onsite
https://au.linkedin.com/jobs/view/fleet-manager-at-workforce-australia-for-individuals-3792370434,2024-01-21 07:12:38.954298+00,t,t,f,Fleet Manager,Workforce Australia for Individuals,"Jandakot, Western Australia, Australia",1/13/2024,Perth,Australia,Manager Benefits,Mid senior,Onsite
https://www.linkedin.com/jobs/view/rn-registered-nurse-24047341expplat-at-travelnursesource-3797176026,2024-01-21 07:12:39.06532+00,t,t,f,Registered Nurse,TravelNurseSource,"Wheeling, WV",1/14/2024,Steubenville,United States,Nurse Practitioner,Mid senior,Onsite
https://www.linkedin.com/jobs/view/operations-supervisor-at-casella-waste-systems-inc-3800472421,2024-01-21 07:12:39.294366+00,t,t,f,Operations Supervisor,"Casella Waste Systems, Inc.","Auburn, MA",1/14/2024,Barre,United States,Driver Supervisor,Mid senior,Onsite
https://www.linkedin.com/jobs/view/rn-onsite-health-coach-2-openings-evernorth-baltimore-glen-burnie-md-at-evernorth-health-services-3787350655,2024-01-19 09:45:09.215838+00,f,f,f,RN Onsite Health Coach,Evernorth Health Services,"Washington, DC",1/15/2024,Alexandria,United States,Dietitian Clinical,Mid senior,Onsite
https://uk.linkedin.com/jobs/view/corporate-tax-manager-at-public-practice-recruitment-ltd-experts-in-public-practice-accountancy-recruitment-uk-wide-3794246642,2024-01-21 07:12:40.000321+00,t,t,f,Corporate Tax Manager,Public Practice Recruitment Ltd - Experts in Public Practice Accountancy Recruitment UK-Wide,"Lincoln, England, United Kingdom",1/14/2024,Lincoln,United Kingdom,Preparation Supervisor,Mid senior,Onsite
https://www.linkedin.com/jobs/view/production-supervisor-at-zobility-3803087140,2024-01-19 09:45:09.215838+00,f,f,f,Production Supervisor,Zobility,"Watertown, SD",1/17/2024,South Dakota,United States,Utilities-And-Maintenance Supervisor,Associate,Onsite
https://www.linkedin.com/jobs/view/psychiatrist-needed-in-nyc-top-pay-and-benefits-apply-now-at-tdima-corporation-3794660569,2024-01-19 09:45:09.215838+00,f,f,f,Psychiatrist,TDIMA CORPORATION,"Bronx, NY",1/16/2024,Fort Lee,United States,Psychiatrist,Mid senior,Onsite
https://www.linkedin.com/jobs/view/cens-navigator-sud-counselor-at-hopics-3791801845,2024-01-19 09:45:09.215838+00,f,f,f,CENS Navigator,HOPICS,"Los Angeles, CA",1/16/2024,Compton,United States,Residence Counselor,Mid senior,Onsite
https://www.linkedin.com/jobs/view/per-diem-rn-med-surg-nights-lebanon-nh-24129361expplat-at-travelnursesource-3797166002,2024-01-19 18:34:47.372588+00,t,t,f,Per Diem,TravelNurseSource,"Nashua, NH",1/15/2024,Manchester,United States,Drill-Press Operator,Mid senior,Onsite
https://www.linkedin.com/jobs/view/lead-cook-university-of-south-carolina-at-aramark-3794585657,2024-01-19 18:34:47.84964+00,t,t,f,Lead Cook,Aramark,"Columbia, SC",1/14/2024,Columbia,United States,Chef,Mid senior,Onsite
https://www.linkedin.com/jobs/view/lead-sales-associate-ft-at-dollar-general-3580219251,2024-01-19 18:34:48.356734+00,t,t,f,LEAD SALES ASSOCIATE-FT,Dollar General,"Warner Robins, GA",1/14/2024,Macon,United States,Sales Representative Containers,Mid senior,Onsite
https://www.linkedin.com/jobs/view/surgical-technologist-at-medstar-health-3716798526,2024-01-19 18:34:51.311528+00,t,t,f,Surgical Technologist,MedStar Health,"Washington, DC",1/14/2024,Silver Spring,United States,Surgical Technician,Mid senior,Onsite
https://www.linkedin.com/jobs/view/it-sr-project-manager-at-robert-half-3797542608,2024-01-19 09:45:09.215838+00,f,f,f,IT Sr Project manager,Robert Half,"Milwaukee, WI",1/17/2024,Grafton,United States,Supervisor Mapping,Mid senior,Onsite
https://www.linkedin.com/jobs/view/travel-rn-med-surg-at-coast-medical-service-3805741298,2024-01-20 05:37:03.68794+00,t,t,f,Travel Registered Nurse,Coast Medical Service,"Appleton, WI",1/14/2024,Appleton,United States,Recruiter,Mid senior,Onsite
https://uk.linkedin.com/jobs/view/financial-adviser-at-recruitment-solutions-folkestone-ltd-3772737118,2024-01-20 05:37:04.237966+00,t,t,f,Financial Adviser,Recruitment Solutions (Folkestone) Ltd,"Manchester, England, United Kingdom",1/16/2024,Blackburn,United Kingdom,Registered Representative,Mid senior,Onsite
https://www.linkedin.com/jobs/view/hourly-supervisor-training-at-walmart-3780659873,2024-01-20 05:37:04.567869+00,t,t,f,Hourly Supervisor & Training,Walmart,"Ashdown, AR",1/14/2024,Texarkana,United States,Driver Supervisor,Mid senior,Onsite
https://www.linkedin.com/jobs/view/financial-sales-representative-at-strategic-financial-solutions-ny-3798385961,2024-01-19 18:34:47.202017+00,t,t,f,Financial Sales Representative,Strategic Financial Solutions NY,"Phoenix, AZ",1/14/2024,Canyon,United States,Sales-Promotion Representative,Associate,Onsite
https://www.linkedin.com/jobs/view/travel-nurse-rn-home-health-%242-499-per-week-at-nurse-first-travel-agency-3802823103,2024-01-19 18:34:47.258618+00,t,t,f,Travel Nurse  Registered Nurse,Nurse First Travel Agency,"Santa Rosa, CA",1/14/2024,Santa Rosa,United States,Second,Mid senior,Onsite
https://uk.linkedin.com/jobs/view/tax-graduate-trainee-with-a-leading-firm-at-gradfuel-3789278925,2024-01-21 07:12:40.773532+00,t,t,f,Tax Graduate Trainee with a Leading Firm,Gradfuel,"Exeter, England, United Kingdom",1/14/2024,Exeter,United Kingdom,Tax Clerk,Mid senior,Onsite
https://www.linkedin.com/jobs/view/sr-claims-representative-lost-time-workers-compensation-florida-experience-at-pma-companies-3763910888,2024-01-21 07:12:40.779941+00,t,t,f,Senior Claims Reprsentative,PMA Companies,"Miami, FL",1/16/2024,Coral Gables,United States,Supervisor Claims,Mid senior,Onsite
https://www.linkedin.com/jobs/view/travel-rn-home-health-at-coremedical-group-3800131737,2024-01-21 07:12:42.309681+00,t,t,f,Travel Registered Nurse,CoreMedical Group,"Beckley, WV",1/14/2024,Boonesborough,United States,Nurse Supervisor,Mid senior,Onsite
https://uk.linkedin.com/jobs/view/online-spanish-tutor-part-time-at-findtutors-3768098660,2024-01-21 07:39:55.737455+00,t,t,f,Online Spanish Tutor,FindTutors,"Brighton & Hove, England, United Kingdom",1/14/2024,Brighton and Hove,United Kingdom,Tutor,Mid senior,Onsite
https://www.linkedin.com/jobs/view/registered-nurse-rn-med-surg-float-pool-contract-at-adventhealth-3799027637,2024-01-21 08:08:21.497681+00,t,t,f,Registered Nurse Med Surg Float Pool ,AdventHealth,"Ocala, FL",1/14/2024,Ocala,United States,Contract Administrator,Mid senior,Onsite
https://www.linkedin.com/jobs/view/travel-rn-rehab-at-tlc-travel-staff-3729295201,2024-01-19 18:34:47.639661+00,t,t,f,Travel Registered Nurse,TLC Travel Staff,"Gallatin, TN",1/14/2024,Hartsville,United States,Nurse Supervisor,Mid senior,Onsite
https://www.linkedin.com/jobs/view/commercial-construction-project-manager-at-cybercoders-3747106311,2024-01-19 18:34:47.809805+00,t,t,f,Commercial Construction Project Manager,CyberCoders,"Lafayette, IN",1/14/2024,Sheffield,United States,Building Consultant,Mid senior,Onsite
https://www.linkedin.com/jobs/view/registered-nurse-family-birthing-center-at-eastern-connecticut-health-network-echn-3801655021,2024-01-19 18:34:48.039618+00,t,t,f,Registered Nurse,Eastern Connecticut Health Network (ECHN),"Middletown, CT",1/14/2024,New Britain,United States,Nurse-Midwife,Mid senior,Onsite
https://www.linkedin.com/jobs/view/endodontist-%242-000-guaranteed-daily-compensation-%2B-commission-at-west-coast-dental-services-3792252986,2024-01-19 18:34:48.051238+00,t,t,f,Endodontist,West Coast Dental Services,"Lancaster, CA",1/16/2024,Palmdale,United States,Endodontist,Mid senior,Onsite
https://www.linkedin.com/jobs/view/rn-registered-nurse-24060503expplat-at-travelnursesource-3795704264,2024-01-19 18:34:48.083729+00,t,t,f, Registered Nurse,TravelNurseSource,"Coos Bay, OR",1/14/2024,Coos Bay,United States,Driver,Mid senior,Onsite
https://www.linkedin.com/jobs/view/research-analyst-ii-at-duke-university-3789756873,2024-01-19 18:34:48.379679+00,t,t,f,Research Analyst,Duke University,"Durham, NC",1/16/2024,Raleigh,United States,Investment Analyst,Mid senior,Onsite
https://www.linkedin.com/jobs/view/connected-supply-chain-o9-technology-manager-at-pwc-3777086908,2024-01-19 18:34:48.810246+00,t,t,f,Connected Supply Chain Manager,PwC,"Minneapolis, MN",1/15/2024,Orono,United States,Cost-And-Sales-Record Supervisor,Mid senior,Onsite
https://www.linkedin.com/jobs/view/travel-cath-lab-technologist-%242-393-per-week-at-health-advocates-network-3805340543,2024-01-19 18:34:49.652987+00,t,t,f,Travel Cath Lab Technologist,Health Advocates Network,"Dothan, AL",1/15/2024,Dothan,United States,Biochemistry Technologist,Mid senior,Onsite
https://uk.linkedin.com/jobs/view/senior-structual-engineer-stress-engineer-in-bristol-uk-at-energy-jobline-3791311305,2024-01-19 18:34:50.671746+00,t,t,f,Senior Structual Engineer,Energy Jobline,"Bristol, England, United Kingdom",1/14/2024,Newport,United Kingdom,Rolling-Mill Operator,Mid senior,Onsite
https://www.linkedin.com/jobs/view/travel-radiology-technician-%242-155-per-week-at-ahs-staffing-3798897705,2024-01-19 18:34:50.958757+00,t,t,f,Travel Radiology Technician,AHS Staffing,"Eureka, CA",1/15/2024,California,United States,Clock Assembler,Mid senior,Onsite
https://www.linkedin.com/jobs/view/fabricator-rack-making-at-amtraco-inc-3787723727,2024-01-19 18:34:53.372623+00,t,t,f,Fabricator Rack Making,"Amtraco, Inc.","Colleyville, TX",1/14/2024,Denton,United States,Stand-In,Mid senior,Onsite
https://www.linkedin.com/jobs/view/registered-nurse-ccu-full-time-nights-at-steward-health-care-3805622221,2024-01-19 09:45:09.215838+00,f,f,f,Registered Nurse,Steward Health Care,"Fort Lauderdale, FL",1/16/2024,Boca Raton,United States,Public Health Physician,Mid senior,Onsite
https://www.linkedin.com/jobs/view/airport-shop-team-leader-located-in-dallas-love-field-airport-at-hudson-group-3801649860,2024-01-21 07:12:34.517703+00,t,t,f,Airport Shop Team Leader ,Hudson Group,"Sachse, TX",1/17/2024,Garland,United States,Supervisor Processing,Mid senior,Onsite
https://www.linkedin.com/jobs/view/rn-acute-rehab-inpatient-macneal-hospital-at-trinity-health-3732041317,2024-01-21 07:39:55.933764+00,t,t,f,Registered Nurse,Trinity Health,"Berwyn, IL",1/14/2024,River Forest,United States,Dye-House Supervisor,Mid senior,Onsite
https://www.linkedin.com/jobs/view/staff-physician-orthopedic-oncology-surgery-full-time-at-norton-healthcare-3771367503,2024-01-21 08:08:19.423796+00,t,t,f,Staff Physician,Norton Healthcare,"Louisville, KY",1/16/2024,New Albany,United States,Internist,Mid senior,Onsite
https://www.linkedin.com/jobs/view/department-manager-at-mcdonald-s-3681756850,2024-01-21 08:08:20.612288+00,t,t,f,Department Manager,McDonald's,"Beaumont, TX",1/14/2024,Port Arthur,United States,Manager Customer Service,Mid senior,Onsite
https://www.linkedin.com/jobs/view/staff-services-manager-i-at-california-department-of-toxic-substances-control-3799240827,2024-01-19 09:45:09.215838+00,f,f,f,Staff Service Manager,California Department of Toxic Substances Control,"Sacramento, CA",1/16/2024,Roseville,United States,Manager Contracts,Mid senior,Onsite
https://uk.linkedin.com/jobs/view/android-engineer-at-jobs-for-humanity-3806300615,2024-01-21 08:08:21.232958+00,t,t,f,Android Engineer,Jobs for Humanity,"Manchester, England, United Kingdom",1/17/2024,Warrington,United Kingdom,Tool Grinder Ii,Mid senior,Onsite
https://uk.linkedin.com/jobs/view/design-manager-at-randstad-construction-and-property-3805249572,2024-01-19 09:45:09.215838+00,f,f,f,Design Manager,Randstad Construction and Property,"Stevenage, England, United Kingdom",1/16/2024,Luton,United Kingdom,Manager Advertising Agency,Mid senior,Onsite
https://www.linkedin.com/jobs/view/25b-information-technology-specialist-at-jobsinlogistics-com-3806184317,2024-01-19 09:45:09.215838+00,f,f,f, Information Technology Specialist,JobsInLogistics.com,"Philadelphia, MS",1/17/2024,Mississippi,United States,Systems Programmer,Mid senior,Onsite
https://www.linkedin.com/jobs/view/oig-investigator-i-at-commonwealth-of-kentucky-3802173924,2024-01-21 08:08:21.288086+00,t,t,f,OIG Investigator ,Commonwealth of Kentucky,"Kentucky, United States",1/15/2024,Kentucky,United States,Criminalist,Mid senior,Onsite
https://www.linkedin.com/jobs/view/mayo-clinic-rochester-academic-hospitalist-opportunity-at-practicelink-3757514878,2024-01-21 04:14:19.732674+00,t,t,f,Academic Hospitalist,PracticeLink,"Rochester, MN",1/14/2024,Rochester,United States,Family Practitioner,Mid senior,Onsite
https://uk.linkedin.com/jobs/view/part-time-housekeeping-team-leader-at-village-hotels-3787118679,2024-01-21 04:14:23.706621+00,t,t,f, Housekeeping Team Leader,Village Hotels,"Farnborough, England, United Kingdom",1/16/2024,High Wycombe,United Kingdom,Sample-Room Supervisor,Mid senior,Onsite
https://www.linkedin.com/jobs/view/travel-allied-health-professional-ct-technologist-at-medpro-healthcare-staffing-3788343269,2024-01-21 08:20:53.712052+00,t,t,f, CT Technologist,MedPro Healthcare Staffing,"Dennison, OH",1/14/2024,Fresno,United States,Nuclear Medicine Technologist,Mid senior,Onsite
https://www.linkedin.com/jobs/view/rn-registered-nurse-behavioral-health-at-lewisgale-regional-health-system-3733843645,2024-01-19 09:45:09.215838+00,f,f,f,Registered Nurse Behavioral Health,LewisGale Regional Health System,"Salem, VA",1/16/2024,Amsterdam,United States,Psychiatric Technician,Mid senior,Onsite
https://www.linkedin.com/jobs/view/dentist-prn-at-walmart-health-3779508393,2024-01-21 07:12:46.669201+00,t,t,f,Dentist,Walmart Health,"DeSoto, TX",1/16/2024,Mansfield,United States,Endodontist,Mid senior,Onsite
https://www.linkedin.com/jobs/view/dodin-operations-planner-sr-systems-engineer-at-leidos-3786814430,2024-01-19 09:45:09.215838+00,f,f,f,DODIN Operations Planner,Leidos,"Fort Meade, MD",1/16/2024,Clinton,United States,Processor,Mid senior,Onsite
https://www.linkedin.com/jobs/view/leasing-consultant-at-the-scion-group-3793524550,2024-01-19 09:45:09.215838+00,f,f,f,Leasing Consultant,The Scion Group,"Fullerton, CA",1/16/2024,Corona,United States,Real-Estate Clerk,Mid senior,Onsite
https://www.linkedin.com/jobs/view/medical-equipment-customer-service-representative-at-rotech-healthcare-3802087255,2024-01-21 07:12:46.873762+00,t,t,f, Customer Service Representative,Rotech Healthcare,"Lexington, SC",1/16/2024,South Carolina,United States,Job Printer,Mid senior,Onsite
https://uk.linkedin.com/jobs/view/senior-hr-advisor-at-page-personnel-3750264381,2024-01-21 07:12:46.883045+00,t,t,f,Senior HR Advisor,Page Personnel,"Milton Keynes, England, United Kingdom",1/16/2024,Northampton,United Kingdom,Human Resource Advisor,Mid senior,Onsite
https://www.linkedin.com/jobs/view/benefits-administrator-2904-at-ultimate-staffing-3801854462,2024-01-21 07:12:46.929465+00,t,t,f,Benefits Administrator,Ultimate Staffing,"Riverside, CA",1/16/2024,Corona,United States,Personnel Clerk,Mid senior,Onsite
https://www.linkedin.com/jobs/view/assistant-community-director-at-fpi-management-3806008368,2024-01-21 07:12:47.082653+00,t,t,f,Assistant Community Director,FPI Management,"Reno, NV",1/14/2024,Nevada,United States,Housekeeper,Mid senior,Onsite
https://www.linkedin.com/jobs/view/tsa-customer-service-representative-at-staples-stores-3780605421,2024-01-21 07:12:47.338634+00,t,t,f,TSA Customer Service Representative,Staples Stores,"Rehoboth Beach, DE",1/14/2024,Lewes,United States,Claim Examiner,Mid senior,Onsite
https://www.linkedin.com/jobs/view/wireless-sales-expert-at-marketsource-inc-3767056635,2024-01-21 04:14:29.592528+00,t,t,f,Wireless Sales Expert,MarketSource Inc.,"Triadelphia, WV",1/17/2024,Steubenville,United States,Ticket Broker,Mid senior,Onsite
https://www.linkedin.com/jobs/view/program-supervisor-center-star-act-essential-position-at-mental-health-systems-3623149153,2024-01-21 04:14:29.812654+00,t,t,f,Program Supervisor,Mental Health Systems,"San Diego, CA",1/14/2024,Coronado,United States,Psychologist Social,Mid senior,Onsite
https://www.linkedin.com/jobs/view/medical-technologist-per-diem-at-steward-health-care-3805609567,2024-01-21 04:14:30.591692+00,t,t,f,Medical Technologist,Steward Health Care,"Taunton, MA",1/16/2024,Halifax,United States,Laboratory Supervisor,Mid senior,Onsite
https://www.linkedin.com/jobs/view/internal-auditor-at-harp-talent-solutions-3793675599,2024-01-21 04:14:32.638524+00,t,t,f,Internal Auditor,Harp Talent Solutions,"Wilmington, DE",1/14/2024,Swarthmore,United States,Auditor,Mid senior,Onsite
https://www.linkedin.com/jobs/view/home-sales-inspector-at-rollins-inc-3779019992,2024-01-21 04:14:38.481798+00,t,t,f,Home Sales Inspector,"Rollins, Inc.","La Mirada, CA",1/15/2024,West Covina,United States,Can Inspector,Mid senior,Onsite
https://www.linkedin.com/jobs/view/conductor-entrega-a-domicilio-at-autozone-3727840093,2024-01-21 07:12:47.508848+00,t,t,f,Delievery Conductor,AutoZone,"Gilroy, CA",1/15/2024,Salinas,United States,Conductor,Mid senior,Onsite
